patient_uid,name,phone,email,gender,dob,weight,height,qr_url,timestamp
eiSCWxC9NZXF,giant T,9912341258,Giant@gmail.com,Female,1998-10-09,56,8 ft,/static/qr/eiSCWxC9NZXF.png,2025-10-07T15:02:41.522635
Zaa48KMw6dot,Sam,9912634592,sam@gmail.com,Female,1992-03-13,65,5.3 ft,/static/qr/Zaa48KMw6dot.png,2025-10-07T15:09:03.658650
2DRm6DYrDCW8,superman,9912654321,fun@mail.com,Male,1999-01-08,67,6 ft,/static/qr/2DRm6DYrDCW8.png,2025-10-07T15:11:53.992866
WfTp7pxLRnjU,kiran ,9912738951,Kiran@gmail.com,Male,1999-04-09,102,8 ft,/static/qr/WfTp7pxLRnjU.png,2025-10-07T15:30:33.187570
miKyZU8grQxf,boot,9711023943,boot@gmail.com,Female,2019-02-06,34,5.2 ft,/static/qr/miKyZU8grQxf.png,2025-10-08T14:56:16.082881
YvSnWqusqcfZ,Fan,0900000000,A@mail.com,Female,2004-07-09,56,8 ft,/static/qr/YvSnWqusqcfZ.png,2025-10-08T16:49:27.969829
2MYcQxGEFjVg,dye,2345667756,dye@gmail.com,Female,2012-03-06,98,10 ft,/static/qr/2MYcQxGEFjVg.png,2025-10-08T16:55:44.397387
daWuiTujfze7,smart guy,9911112223,smart@gmail.com,Male,2000-04-08,45,5.2 ft,/static/qr/daWuiTujfze7.png,2025-10-09T10:06:53.962840
bPFp6GEKdXWr,Johnny Silver,9912334455,j@gmail.com,Male,2000-10-20,34,5.3 ft,/static/qr/bPFp6GEKdXWr.png,2025-10-11T08:07:22.813916
